date,actual,forecast
2025-09-01,52,54
2025-09-02,68,56
2025-09-03,45,47
2025-09-04,71,65
2025-09-05,49,45
2025-09-06,41,45
2025-09-07,36,52
2025-09-08,27,32
2025-09-09,41,39
2025-09-10,28,40
2025-09-11,62,64
2025-09-12,38,50
2025-09-13,44,44
2025-09-14,41,38
2025-09-15,40,43
2025-09-16,57,43
2025-09-17,40,49
2025-09-18,48,58
2025-09-19,36,52
2025-09-20,37,36
2025-09-21,58,57
2025-09-22,45,48
2025-09-23,29,35
2025-09-24,53,45
2025-09-25,38,53
2025-09-26,49,53
2025-09-27,47,43
2025-09-28,67,60
2025-09-29,38,41
2025-09-30,60,53
2025-10-01,43,45
2025-10-02,28,38
2025-10-03,68,58
2025-10-04,57,49
2025-10-05,47,53
2025-10-06,65,53
2025-10-07,61,49
2025-10-08,29,23
2025-10-09,47,50
2025-10-10,34,50
2025-10-11,49,47
2025-10-12,59,64
2025-10-13,36,41
2025-10-14,61,59
2025-10-15,48,44
2025-10-16,57,50
2025-10-17,39,42
2025-10-18,34,46
2025-10-19,54,52
2025-10-20,48,50
2025-10-21,31,35
2025-10-22,39,46
2025-10-23,51,48
2025-10-24,69,68
2025-10-25,51,52
2025-10-26,29,30
2025-10-27,69,50
2025-10-28,50,48
2025-10-29,39,49
2025-10-30,67,61
2025-10-31,49,57
2025-11-01,52,64
2025-11-02,72,55
2025-11-03,35,40
2025-11-04,45,50
2025-11-05,34,34
2025-11-06,42,39
2025-11-07,52,40
2025-11-08,39,42
2025-11-09,48,58
2025-11-10,62,52
2025-11-11,34,33
2025-11-12,58,52
2025-11-13,26,37
2025-11-14,57,55
2025-11-15,54,52
2025-11-16,44,43
2025-11-17,46,52
2025-11-18,71,68
2025-11-19,43,38
2025-11-20,46,40
2025-11-21,54,61
2025-11-22,62,59
2025-11-23,73,58
2025-11-24,40,47
2025-11-25,34,41
2025-11-26,51,49
2025-11-27,58,52
2025-11-28,61,50
2025-11-29,68,47
2025-11-30,49,56
2025-12-01,42,39
2025-12-02,52,47
2025-12-03,53,54
2025-12-04,28,41
2025-12-05,51,45
2025-12-06,42,52
2025-12-07,54,51
2025-12-08,42,41
2025-12-09,40,50
2025-12-10,57,53
2025-12-11,68,60
2025-12-12,28,36
2025-12-13,59,55
2025-12-14,85,55
2025-12-15,64,55
2025-12-16,64,59
2025-12-17,52,46
2025-12-18,40,42
2025-12-19,45,45
2025-12-20,58,73
2025-12-21,43,56
2025-12-22,53,45
2025-12-23,41,50
2025-12-24,47,42
2025-12-25,43,42
2025-12-26,44,50
2025-12-27,76,71
2025-12-28,30,29
2025-12-29,49,43
2025-12-30,,42
2025-12-31,,48
2026-01-01,,55
2026-01-02,,58
2026-01-03,,37
2026-01-04,,46
2026-01-05,,45
2026-01-06,,43
2026-01-07,,67
2026-01-08,,54
2026-01-09,,37
2026-01-10,,59
2026-01-11,,71
2026-01-12,,60
